﻿id,sex
18,Female
21,Female
23,Female
26,Female
35,Female
50,Female
69,Female
82,Female
92,Female
100,Female
102,Female
103,Female
126,Female
148,Female
154,Female
161,Female
174,Female
175,Female
186,Female
196,Female
214,Female
216,Female
217,Female
220,Female
224,Female
239,Female
252,Female
255,Female
261,Female
263,Female
267,Female
271,Female
302,Female
304,Female
310,Female
322,Female
325,Female
346,Female
355,Female
363,Female
413,Female
422,Female
434,Female
454,Female
463,Female
468,Female
469,Female
474,Female
484,Female
488,Female
501,Female
511,Female
516,Female
538,Female
543,Female
552,Female
560,Female
562,Female
568,Female
575,Female
585,Female
606,Female
609,Female
618,Female
624,Female
632,Female
633,Female
635,Female
636,Female
642,Female
685,Female
714,Female
732,Female
736,Female
743,Female
744,Female
754,Female
768,Female
774,Female
782,Female
784,Female
791,Female
807,Female
829,Female
830,Female
831,Female
836,Female
852,Female
874,Female
879,Female
881,Female
882,Female
922,Female
927,Female
930,Female
932,Female
944,Female
946,Female
952,Female
955,Female
969,Female
971,Female
991,Female
997,Female
1000,Female
1003,Female
1011,Female
1023,Female
1031,Female
1033,Female
1040,Female
1041,Female
1042,Female
1068,Female
1079,Female
1099,Female
1109,Female
1130,Female
1135,Female
1142,Female
1158,Female
1161,Female
1162,Female
1168,Female
1181,Female
1194,Female
1199,Female
1214,Female
1215,Female
1217,Female
1223,Female
1224,Female
1227,Female
1246,Female
1255,Female
1257,Female
1263,Female
1276,Female
1300,Female
1312,Female
1330,Female
1351,Female
1357,Female
1369,Female
1379,Female
1389,Female
1390,Female
1402,Female
1404,Female
1409,Female
1440,Female
1441,Female
1444,Female
1447,Female
1469,Female
1472,Female
1478,Female
1487,Female
1488,Male
1497,Female
1505,Female
1511,Female
1523,Female
1531,Female
1540,Female
1541,Female
1567,Female
1577,Female
1579,Female
1583,Male
1596,Female
1621,Female
1623,Female
1646,Female
1653,Female
1667,Female
1671,Female
1686,Female
1692,Female
1709,Female
1740,Female
1741,Female
1778,Female
1780,Female
1785,Female
1791,Female
1868,Female
1884,Female
1946,Female
1965,Female
1968,Female
1978,Female
1979,Female
2016,Female
2017,Female
2025,Female
2027,Female
2036,Female
2038,Female
2039,Female
2046,Female
2048,Female
2058,Female
2062,Male
2068,Female
2077,Female
2085,Female
2098,Female
2099,Female
2118,Female
2127,Female
2133,Female
2150,Female
2155,Female
2160,Female
2170,Female
2172,Female
2191,Female
2194,Female
2202,Female
2247,Female
2254,Female
2266,Female
2284,Female
2289,Female
2305,Female
2316,Female
2320,Female
2330,Female
2351,Female
2361,Female
2363,Female
2380,Female
2381,Female
2419,Female
2422,Female
2429,Female
2434,Female
2436,Female
2440,Female
2443,Female
2455,Female
2465,Female
2466,Female
2474,Female
2479,Female
2529,Female
2535,Female
2543,Female
2562,Female
2577,Female
2579,Female
2586,Female
2589,Female
2624,Female
2633,Female
2670,Female
2688,Female
2689,Female
2698,Female
2707,Female
2710,Female
2712,Female
2726,Female
2729,Female
2735,Female
2742,Female
2750,Female
2754,Female
2759,Female
2763,Female
2787,Female
2788,Female
2792,Female
2800,Female
2819,Female
2825,Female
2828,Female
2832,Female
2835,Female
2846,Female
2858,Female
2860,Female
2861,Female
2862,Female
2869,Female
2876,Female
2880,Female
2898,Female
2899,Female
2907,Female
2913,Female
2928,Female
2934,Female
2945,Female
2950,Female
2959,Female
2976,Female
2997,Female
3001,Female
3007,Female
3017,Female
3028,Male
3037,Female
3052,Female
3053,Male
3086,Female
3089,Female
3090,Female
3091,Female
3099,Female
3109,Male
3111,Female
3129,Female
3149,Female
3155,Female
3180,Female
3181,Female
3184,Female
3186,Female
3194,Female
3200,Female
3202,Female
3212,Female
3227,Male
3229,Female
3232,Female
3234,Female
3257,Female
3263,Female
3274,Female
3285,Female
3303,Female
3319,Female
3342,Male
3355,Female
3368,Female
3385,Male
3399,Female
3400,Female
3408,Female
3417,Female
3418,Male
3427,Female
3432,Female
3434,Female
3446,Female
3478,Female
3486,Female
3501,Female
3516,Female
3541,Female
3546,Female
3570,Female
3572,Male
3584,Female
3589,Female
3595,Female
3604,Female
3613,Female
3620,Female
3626,Female
3654,Male
3660,Male
3672,Male
3688,Female
3689,Female
3695,Female
3700,Male
3704,Female
3729,Female
3736,Female
3738,Female
3751,Female
3756,Female
3814,Female
3819,Female
3822,Female
3823,Female
3828,Female
3843,Female
3846,Female
3887,Female
3892,Female
3909,Female
3913,Female
3929,Female
3936,Female
3946,Female
3962,Female
3965,Male
3987,Female
3988,Female
3993,Female
3996,Female
4006,Male
4012,Female
4020,Female
4032,Female
4044,Female
4059,Female
4062,Female
4066,Female
4094,Female
4096,Male
4097,Male
4101,Female
4110,Female
4111,Female
4112,Female
4116,Female
4118,Female
4124,Female
4128,Female
4144,Female
4152,Female
4160,Male
4162,Female
4168,Female
4172,Female
4224,Female
4226,Female
4227,Female
4238,Female
4261,Female
4281,Female
4315,Male
4317,Female
4323,Female
4337,Female
4339,Female
4346,Female
4354,Female
4372,Female
4386,Female
4392,Female
4396,Female
4402,Female
4405,Female
4408,Female
4419,Female
4430,Female
4442,Female
4457,Female
4470,Female
4477,Female
4496,Female
4525,Female
4540,Female
4545,Female
4546,Female
4563,Female
4569,Female
4577,Female
4578,Female
4582,Female
4599,Female
4611,Female
4617,Female
4647,Female
4651,Female
4655,Female
4669,Female
4681,Female
4718,Female
4725,Female
4731,Female
4741,Female
4748,Male
4756,Female
4765,Female
4770,Female
4772,Female
4780,Female
4782,Female
4794,Female
4816,Female
4821,Female
4822,Female
4826,Male
4833,Female
4834,Female
4881,Female
4886,Female
4892,Female
4899,Female
4908,Female
4916,Female
4961,Female
4982,Female
4989,Female
4997,Male
5019,Male
5026,Female
5030,Female
5039,Female
5043,Female
5044,Female
5048,Female
5055,Female
5093,Female
5103,Female
5140,Female
5141,Female
5145,Female
5150,Female
5153,Female
5171,Female
5200,Female
5207,Male
5216,Female
5224,Female
5238,Male
5249,Female
5251,Female
5259,Female
5269,Female
5275,Female
5305,Female
5314,Female
5315,Female
5319,Female
5339,Female
5348,Female
5351,Female
5359,Female
5367,Female
5382,Female
5385,Female
5388,Female
5389,Female
5399,Female
5401,Female
5427,Female
5435,Female
5442,Female
5444,Female
5458,Female
5462,Female
5465,Female
5482,Female
5483,Male
5488,Female
5503,Female
5530,Female
5538,Female
5556,Female
5560,Female
5564,Female
5569,Male
5582,Female
5586,Female
5608,Female
5626,Female
5654,Female
5662,Female
5664,Female
5672,Female
5682,Female
5686,Female
5688,Male
5692,Female
5703,Female
5711,Female
5714,Female
5717,Female
5727,Female
5739,Male
5771,Female
5775,Female
5777,Female
5780,Female
5781,Female
5787,Female
5792,Female
5805,Male
5827,Female
5832,Female
5849,Female
5864,Female
5866,Female
5872,Female
5877,Female
5884,Female
5888,Female
5904,Female
5907,Female
5911,Female
5912,Female
5913,Female
5920,Female
5923,Female
5946,Female
5956,Female
5957,Female
5961,Female
5965,Female
5972,Female
5994,Female
6007,Male
6017,Female
6032,Female
6033,Female
6038,Female
6060,Female
6064,Female
6094,Female
6102,Female
6124,Female
6126,Female
6137,Female
6146,Female
6155,Female
6184,Female
6202,Female
6218,Female
6235,Female
6242,Female
6246,Female
6268,Female
6271,Female
6283,Female
6287,Female
6293,Female
6313,Female
6316,Female
6319,Female
6321,Female
6325,Female
6326,Female
6333,Female
6335,Female
6348,Female
6398,Female
6415,Female
6423,Female
6431,Female
6435,Female
6479,Female
6483,Female
6485,Male
6506,Female
6507,Female
6520,Female
6529,Female
6530,Female
6568,Male
6589,Female
6630,Female
6638,Female
6665,Male
6684,Female
6690,Female
6693,Female
6698,Female
6704,Female
6710,Female
6724,Female
6726,Female
6733,Female
6737,Female
6780,Female
6811,Female
6817,Female
6830,Female
6833,Female
6836,Female
6842,Male
6843,Female
6848,Female
6850,Female
6855,Female
6872,Female
6878,Female
6888,Male
6895,Female
6931,Male
6948,Female
6953,Female
6956,Female
6959,Female
6961,Female
6984,Female
6998,Female
7031,Female
7044,Female
7050,Female
7058,Male
7061,Female
7088,Female
7094,Female
7106,Female
7108,Female
7111,Female
7132,Female
7139,Female
7150,Female
7158,Female
7166,Female
7167,Female
7191,Female
7224,Female
7245,Female
7259,Male
7266,Female
7288,Female
7290,Female
7311,Female
7319,Female
7346,Female
7359,Female
7367,Male
7369,Female
7375,Female
7384,Male
7385,Female
7405,Female
7414,Female
7419,Female
7435,Female
7445,Female
7456,Female
7459,Female
7462,Female
7481,Female
7496,Female
7501,Female
7506,Female
7517,Female
7519,Female
7527,Female
7528,Female
7539,Female
7549,Female
7565,Male
7574,Female
7586,Male
7587,Female
7596,Female
7612,Female
7625,Female
7637,Female
7659,Female
7679,Female
7698,Male
7716,Female
7722,Female
7742,Female
7747,Female
7748,Female
7755,Female
7760,Female
7766,Male
7772,Female
7799,Female
7808,Female
7810,Female
7819,Female
7846,Female
7853,Male
7869,Female
7872,Female
7875,Female
7881,Female
7896,Female
7902,Male
7941,Female
7942,Female
7944,Female
7950,Female
7995,Female
8006,Female
8008,Female
8009,Female
8033,Female
8034,Female
8040,Female
8060,Male
8072,Female
8081,Female
8082,Female
8089,Female
8094,Female
8099,Female
8114,Female
8115,Female
8123,Female
8128,Female
8144,Female
8148,Female
8162,Female
8170,Female
8180,Female
8183,Male
8197,Female
8201,Female
8206,Female
8215,Female
8221,Female
8231,Female
8244,Female
8270,Female
8289,Female
8326,Male
8353,Female
8365,Female
8367,Female
8373,Male
8406,Female
8416,Female
8418,Female
8424,Male
8431,Female
8437,Male
8438,Female
8439,Female
8447,Female
8454,Female
8459,Female
8477,Female
8480,Female
8490,Male
8499,Female
8506,Female
8510,Female
8513,Female
8516,Female
8522,Female
8545,Female
8594,Female
8596,Male
8598,Male
8601,Female
8623,Female
8627,Female
8629,Female
8640,Female
8654,Female
8691,Female
8704,Female
8719,Female
8724,Female
8726,Female
8731,Male
8734,Female
8739,Female
8772,Female
8786,Female
8792,Female
8794,Female
8829,Male
8858,Female
8863,Male
8867,Female
8890,Female
8891,Female
8899,Female
8927,Female
8937,Female
8945,Female
8950,Female
8959,Female
8961,Female
8968,Female
8971,Female
8984,Female
8988,Female
9007,Female
9017,Male
9021,Female
9022,Female
9024,Female
9026,Female
9028,Male
9051,Female
9063,Female
9077,Female
9089,Female
9109,Female
9125,Female
9128,Female
9136,Female
9149,Female
9160,Female
9191,Female
9210,Female
9211,Female
9212,Female
9214,Female
9219,Female
9225,Male
9230,Female
9248,Female
9258,Female
9278,Male
9284,Male
9294,Male
9302,Female
9310,Female
9320,Female
9323,Female
9326,Female
9329,Female
9330,Female
9333,Female
9341,Female
9369,Female
9378,Female
9381,Female
9392,Female
9402,Female
9415,Female
9423,Female
9425,Female
9440,Female
9442,Female
9444,Female
9453,Female
9455,Female
9460,Male
9463,Female
9482,Female
9486,Female
9492,Female
9497,Female
9531,Male
9543,Female
9544,Female
9553,Female
9567,Male
9597,Male
9599,Female
9629,Female
9630,Female
9634,Female
9641,Male
9643,Female
9645,Female
9676,Female
9681,Female
9691,Female
9698,Female
9708,Female
9710,Female
9720,Female
9728,Female
9738,Male
9743,Female
9745,Female
9750,Male
9791,Female
9803,Female
9806,Female
9811,Female
9817,Male
9835,Female
9838,Female
9859,Male
9914,Male
9924,Female
9928,Female
9932,Female
9938,Female
9954,Female
9969,Male
9985,Male
9987,Female
9992,Female
9993,Female
10002,Female
10034,Female
10037,Female
10041,Female
10048,Male
10051,Female
10053,Female
10065,Female
10087,Female
10124,Female
10126,Female
10132,Female
10133,Female
10134,Female
10150,Male
10154,Female
10164,Female
10187,Male
10199,Female
10217,Female
10221,Female
10245,Female
10258,Female
10261,Female
10278,Male
10300,Female
10301,Male
10302,Male
10313,Male
10320,Female
10337,Female
10348,Female
10354,Female
10370,Male
10417,Female
10421,Female
10423,Female
10426,Female
10429,Female
10457,Female
10469,Female
10470,Female
10475,Female
10498,Female
10511,Female
10566,Female
10585,Female
10589,Female
10605,Male
10607,Female
10640,Female
10648,Female
10657,Female
10661,Female
10668,Male
10669,Female
10672,Female
10692,Female
10698,Female
10712,Female
10714,Female
10721,Female
10724,Female
10730,Female
10733,Female
10735,Female
10760,Male
10769,Female
10782,Female
10789,Female
10793,Female
10803,Female
10807,Female
10808,Female
10813,Male
10832,Female
10839,Male
10844,Female
10846,Female
10852,Female
10857,Male
10864,Male
10872,Female
10893,Female
10908,Female
10933,Female
10941,Female
10942,Female
10945,Female
10948,Male
10952,Female
10959,Female
10975,Female
10979,Female
10996,Female
11017,Male
11035,Female
11036,Female
11041,Female
11062,Female
11066,Male
11067,Male
11081,Female
11084,Female
11098,Female
11106,Female
11108,Female
11113,Female
11120,Male
11126,Female
11132,Male
11143,Female
11159,Female
11187,Female
11191,Female
11194,Female
11201,Female
11205,Male
11213,Female
11261,Female
11272,Female
11281,Male
11295,Male
11305,Female
11322,Female
11325,Female
11333,Male
11334,Male
11335,Female
11349,Female
11358,Female
11366,Female
11386,Female
11395,Female
11399,Male
11413,Female
11426,Female
11442,Female
11458,Female
11463,Female
11468,Male
11472,Male
11479,Female
11483,Female
11498,Female
11501,Female
11512,Female
11526,Female
11528,Male
11531,Male
11532,Male
11535,Female
11558,Female
11559,Female
11580,Female
11604,Female
11612,Female
11617,Male
11618,Female
11633,Female
11635,Female
11647,Female
11675,Female
11694,Female
11705,Female
11722,Female
11730,Female
11736,Male
11739,Female
11764,Female
11767,Female
11790,Female
11807,Female
11812,Female
11842,Male
11848,Female
11864,Female
11885,Female
11905,Female
11909,Female
11911,Female
11913,Female
11921,Female
11927,Female
11936,Male
11939,Female
11952,Male
11957,Male
11959,Male
11960,Female
11977,Female
11978,Female
11991,Male
12017,Female
12030,Female
12033,Female
12034,Female
12039,Female
12045,Female
12069,Female
12073,Female
12078,Female
12087,Female
12112,Female
12127,Female
12137,Female
12176,Female
12177,Female
12183,Female
12209,Female
12232,Male
12241,Female
12242,Female
12243,Female
12249,Female
12252,Male
12258,Female
12272,Female
12292,Female
12294,Female
12299,Female
12309,Female
12314,Male
12317,Female
12320,Female
12323,Male
12338,Female
12339,Female
12340,Female
12347,Female
12356,Female
12364,Female
12370,Female
12393,Female
12394,Female
12407,Female
12408,Female
12409,Female
12410,Female
12426,Female
12458,Female
12472,Female
12475,Male
12479,Female
12488,Female
12490,Female
12493,Female
12521,Female
12523,Male
12542,Female
12543,Female
12544,Female
12550,Female
12564,Female
12571,Female
12576,Female
12611,Female
12619,Female
12621,Female
12638,Female
12641,Female
12642,Female
12644,Male
12661,Female
12672,Female
12681,Male
12682,Male
12718,Male
12730,Female
12739,Female
12752,Male
12772,Female
12775,Male
12784,Female
12798,Female
12804,Female
12807,Female
12808,Female
12821,Female
12830,Female
12832,Male
12837,Female
12842,Female
12863,Female
12878,Female
12897,Female
12901,Male
12916,Female
12922,Female
12930,Female
12933,Female
12950,Female
12953,Female
12954,Female
12965,Female
12971,Female
12979,Female
12986,Female
12992,Female
13005,Female
13015,Female
13025,Female
13028,Female
13033,Female
13038,Female
13054,Male
13055,Male
13064,Female
13113,Female
13122,Female
13128,Female
13143,Female
13163,Male
13184,Female
13201,Female
13208,Female
13219,Female
13226,Female
13232,Female
13243,Female
13274,Female
13298,Female
13304,Male
13306,Female
13315,Male
13316,Male
13321,Female
13322,Female
13327,Female
13331,Male
13368,Female
13377,Male
13401,Male
13404,Male
13408,Female
13419,Male
13421,Female
13422,Female
13443,Female
13445,Male
13450,Female
13453,Female
13455,Female
13470,Female
13499,Female
13512,Female
13537,Male
13548,Female
13557,Female
13567,Female
13574,Female
13575,Female
13579,Female
13589,Female
13601,Female
13606,Female
13608,Female
13612,Male
13644,Female
13649,Female
13666,Female
13669,Male
13682,Male
13686,Female
13689,Female
13690,Female
13695,Female
13706,Male
13713,Male
13718,Female
13720,Female
13725,Female
13731,Male
13732,Male
13757,Female
13797,Female
13798,Female
13799,Male
13800,Female
13801,Female
13805,Male
13815,Male
13817,Female
13819,Female
13834,Male
13864,Female
13869,Female
13874,Female
13897,Male
13898,Male
13902,Female
13904,Female
13938,Male
13966,Female
13967,Female
13968,Female
13972,Male
13973,Male
13979,Female
13983,Female
14012,Female
14063,Female
14100,Female
14101,Female
14117,Female
14121,Female
14122,Female
14123,Female
14125,Female
14131,Female
14150,Female
14151,Female
14159,Male
14168,Female
14176,Female
14199,Female
14213,Female
14214,Female
14245,Female
14246,Male
14263,Female
14296,Male
14298,Female
14304,Male
14305,Male
14309,Female
14321,Male
14325,Female
14335,Female
14338,Female
14340,Male
14346,Female
14351,Female
14363,Female
14380,Female
14381,Female
14401,Female
14407,Male
14411,Female
14412,Female
14413,Male
14422,Male
14430,Female
14441,Female
14443,Female
14447,Female
14452,Female
14478,Female
14479,Female
14488,Male
14502,Male
14536,Male
14563,Female
14572,Female
14574,Female
14578,Female
14583,Female
14591,Female
14598,Female
14611,Male
14612,Female
14623,Female
14630,Female
14662,Female
14664,Male
14677,Female
14680,Female
14695,Female
14699,Male
14710,Female
14711,Female
14717,Male
14728,Female
14737,Male
14740,Female
14758,Male
14763,Female
14769,Female
14775,Female
14792,Female
14805,Female
14810,Male
14826,Male
14842,Female
14868,Female
14872,Female
14882,Female
14885,Female
14891,Female
14898,Female
14902,Female
14916,Female
14923,Female
14924,Female
14932,Male
14963,Male
14993,Male
15001,Female
15006,Female
15009,Female
15013,Male
15020,Female
15029,Female
15035,Female
15037,Female
15039,Male
15044,Female
15064,Female
15069,Female
15076,Female
15087,Female
15098,Female
15101,Female
15112,Female
15126,Female
15128,Female
15132,Female
15173,Female
15176,Female
15179,Female
15186,Female
15191,Female
15196,Male
15207,Female
15216,Male
15219,Female
15220,Female
15226,Female
15237,Female
15238,Female
15260,Female
15261,Female
15298,Female
15321,Female
15322,Female
15335,Male
15336,Female
15338,Female
15359,Female
15370,Male
15378,Female
15384,Male
15394,Female
15395,Male
15399,Female
15404,Female
15405,Female
15440,Male
15464,Male
15486,Male
15499,Female
15508,Female
15509,Female
15513,Female
15521,Female
15556,Male
15557,Male
15559,Male
15579,Female
15587,Female
15589,Female
15593,Male
15599,Male
15610,Female
15638,Female
15650,Male
15660,Female
15663,Female
15668,Male
15677,Male
15682,Female
15702,Female
15715,Female
15736,Female
15762,Male
15763,Male
15779,Female
15789,Female
15801,Female
15820,Female
15832,Female
15857,Female
15864,Female
15868,Female
15875,Female
15886,Male
15898,Male
15913,Female
15922,Male
15924,Male
15925,Male
15931,Male
15934,Female
15941,Female
15947,Female
15964,Female
15995,Female
15999,Male
16000,Female
16007,Female
16008,Female
16015,Male
16025,Female
16029,Male
16030,Female
16033,Male
16037,Female
16045,Female
16068,Female
16078,Female
16086,Female
16089,Female
16090,Female
16103,Female
16120,Male
16123,Male
16130,Female
16139,Female
16144,Male
16151,Female
16164,Female
16183,Female
16192,Female
16233,Female
16234,Female
16235,Male
16237,Female
16238,Female
16239,Female
16248,Male
16250,Male
16272,Female
16279,Female
16289,Male
16292,Female
16296,Female
16303,Female
16307,Female
16342,Female
16353,Female
16366,Female
16374,Female
16395,Female
16414,Female
16428,Male
16431,Female
16460,Female
16465,Male
16497,Female
16556,Female
16559,Female
16570,Female
16571,Female
16593,Male
16603,Female
16606,Female
16607,Female
16608,Female
16610,Male
16612,Female
16632,Male
16636,Female
16642,Female
16646,Female
16648,Female
16654,Female
16662,Male
16669,Female
16681,Male
16686,Male
16706,Female
16714,Female
16716,Female
16720,Female
16731,Female
16763,Male
16766,Female
16775,Female
16781,Female
16782,Female
16787,Male
16792,Female
16819,Male
16829,Female
16847,Female
16848,Female
16853,Female
16861,Female
16877,Female
16886,Male
16893,Female
16920,Female
16939,Female
16942,Male
16945,Male
16954,Female
16955,Female
16965,Female
16974,Female
16976,Female
17006,Female
17025,Male
17038,Female
17054,Male
17069,Male
17072,Female
17075,Male
17088,Male
17117,Female
17118,Male
17131,Female
17154,Female
17164,Female
17168,Female
17170,Female
17175,Female
17176,Female
17178,Female
17192,Female
17209,Female
17210,Female
17229,Female
17231,Female
17241,Male
17268,Male
17271,Female
17272,Female
17277,Male
17280,Female
17284,Female
17287,Female
17294,Female
17311,Female
17322,Female
17336,Female
17346,Female
17347,Female
17360,Female
17364,Female
17403,Female
17431,Female
17440,Female
17459,Female
17468,Female
17469,Female
17506,Female
17534,Female
17540,Female
17564,Female
17567,Male
17584,Female
17591,Female
17599,Female
17615,Male
17631,Female
17638,Female
17655,Female
17663,Female
17664,Female
17666,Male
17680,Male
17704,Female
17712,Female
17713,Female
17720,Male
17730,Female
17744,Male
17760,Female
17767,Male
17770,Female
17799,Female
17813,Female
17825,Female
17828,Male
17837,Female
17861,Female
17869,Female
17870,Male
17872,Female
17889,Female
17892,Female
17898,Female
17899,Female
17900,Female
17901,Female
17903,Female
17908,Male
17918,Female
17926,Male
17927,Female
17948,Male
17955,Female
17960,Male
17972,Female
17973,Female
17976,Female
17996,Female
18011,Female
18016,Female
18019,Male
18022,Female
18023,Female
18027,Female
18032,Female
18051,Male
18066,Male
18070,Female
18102,Male
18112,Female
18115,Female
18116,Female
18118,Female
18128,Female
18134,Female
18141,Female
18145,Male
18147,Female
18153,Female
18154,Female
18160,Male
18171,Female
18176,Male
18186,Male
18193,Female
18200,Female
18201,Female
18205,Male
18211,Female
18216,Male
18223,Female
18233,Female
18235,Male
18237,Female
18242,Female
18249,Female
18275,Female
18287,Female
18288,Male
18301,Male
18342,Male
18351,Male
18352,Male
18355,Female
18375,Female
18387,Female
18388,Male
18402,Female
18416,Male
18418,Female
18433,Female
18436,Female
18437,Male
18440,Female
18451,Female
18461,Female
18467,Female
18479,Male
18490,Female
18499,Male
18515,Male
18533,Female
18535,Female
18543,Male
18552,Male
18569,Male
18595,Male
18598,Female
18601,Female
18615,Female
18623,Female
18648,Male
18656,Female
18663,Male
18765,Female
18767,Male
18768,Female
18772,Female
18778,Female
18779,Female
18787,Female
18798,Male
18807,Female
18823,Male
18831,Female
18838,Male
18852,Female
18857,Male
18860,Female
18873,Male
18906,Female
18914,Male
18928,Female
18929,Female
18938,Male
18947,Female
18953,Female
18968,Male
18986,Female
18987,Male
19020,Female
19032,Male
19034,Female
19036,Male
19047,Female
19049,Female
19051,Female
19057,Female
19078,Female
19084,Male
19087,Female
19095,Female
19099,Female
19106,Male
19122,Female
19129,Female
19137,Female
19139,Female
19144,Female
19151,Male
19154,Female
19156,Male
19158,Male
19164,Female
19169,Female
19176,Female
19178,Male
19180,Female
19182,Female
19184,Male
19185,Male
19191,Male
19192,Male
19204,Female
19214,Female
19217,Female
19222,Female
19237,Male
19252,Female
19253,Female
19259,Male
19262,Female
19265,Female
19288,Male
19293,Male
19299,Male
19308,Female
19311,Female
19312,Female
19316,Male
19326,Female
19330,Male
19342,Male
19343,Male
19355,Female
19368,Male
19376,Female
19401,Female
19402,Male
19433,Female
19446,Female
19461,Male
19476,Male
19483,Male
19487,Female
19488,Male
19504,Female
19535,Female
19541,Female
19545,Male
19558,Female
19569,Female
19572,Male
19576,Male
19579,Male
19582,Female
19604,Female
19622,Male
19634,Male
19649,Male
19652,Female
19655,Male
19666,Female
19667,Female
19677,Male
19691,Female
19703,Female
19710,Male
19714,Male
19721,Female
19752,Male
19755,Female
19760,Male
19767,Male
19770,Female
19771,Female
19779,Female
19792,Female
19815,Female
19821,Female
19827,Male
19834,Male
19836,Female
19856,Female
19861,Female
19881,Male
19907,Female
19929,Female
19933,Female
19935,Female
19939,Female
19978,Female
19982,Female
19991,Male
20003,Male
20007,Female
20011,Female
20012,Female
20024,Female
20029,Female
20043,Male
20053,Male
20065,Male
20074,Male
20085,Female
20094,Female
20095,Female
20097,Female
20117,Female
20144,Female
20152,Female
20156,Male
20178,Female
20186,Male
20197,Male
20209,Female
20212,Female
20221,Female
20231,Female
20235,Male
20238,Female
20256,Male
20270,Female
20281,Female
20303,Female
20309,Female
20316,Female
20322,Female
20324,Female
20325,Female
20329,Female
20338,Female
20346,Male
20349,Female
20365,Female
20368,Female
20376,Female
20387,Female
20393,Male
20398,Male
20428,Female
20454,Female
20470,Female
20471,Male
20473,Female
20479,Female
20491,Female
20495,Male
20509,Female
20510,Male
20595,Female
20596,Female
20602,Male
20609,Male
20614,Female
20618,Male
20623,Female
20628,Male
20643,Female
20646,Male
20663,Female
20684,Male
20695,Female
20743,Male
20745,Female
20749,Female
20753,Female
20767,Male
20773,Female
20795,Male
20796,Male
20824,Female
20827,Female
20834,Female
20842,Female
20846,Female
20850,Female
20862,Female
20869,Female
20874,Female
20877,Male
20882,Female
20896,Female
20921,Female
20922,Female
20933,Female
20942,Male
20943,Male
20950,Female
20963,Female
20968,Male
21001,Female
21003,Female
21004,Female
21011,Female
21030,Female
21046,Female
21065,Female
21068,Male
21085,Male
21118,Male
21154,Female
21158,Female
21176,Female
21181,Female
21188,Male
21197,Male
21218,Female
21233,Female
21237,Female
21240,Male
21243,Male
21263,Female
21272,Female
21296,Female
21297,Female
21298,Female
21300,Female
21302,Female
21307,Female
21322,Female
21328,Female
21331,Male
21334,Female
21340,Female
21378,Male
21381,Female
21389,Female
21399,Female
21402,Female
21459,Female
21480,Male
21488,Male
21489,Male
21490,Male
21499,Female
21504,Male
21513,Male
21528,Male
21541,Female
21559,Female
21587,Female
21594,Male
21650,Female
21695,Female
21702,Male
21726,Female
21734,Female
21743,Male
21744,Female
21763,Male
21768,Female
21807,Female
21838,Female
21852,Female
21853,Female
21865,Male
21882,Female
21898,Male
21903,Female
21918,Male
21935,Male
21937,Female
21955,Male
22001,Female
22025,Female
22047,Female
22049,Female
22064,Male
22067,Female
22070,Male
22077,Female
22090,Female
22094,Male
22101,Male
22105,Female
22113,Female
22114,Male
22115,Male
22124,Female
22163,Male
22164,Male
22173,Female
22174,Female
22182,Female
22202,Female
22211,Male
22216,Female
22227,Male
22263,Male
22292,Female
22294,Male
22302,Female
22336,Female
22343,Female
22344,Male
22345,Male
22356,Female
22358,Male
22363,Female
22389,Female
22395,Female
22397,Male
22409,Male
22412,Female
22418,Female
22420,Female
22426,Male
22430,Female
22431,Female
22459,Male
22466,Female
22467,Male
22468,Male
22494,Female
22496,Female
22504,Male
22509,Female
22515,Female
22518,Male
22539,Male
22554,Male
22575,Female
22590,Male
22604,Male
22619,Female
22638,Female
22646,Male
22661,Female
22662,Female
22666,Female
22667,Female
22682,Male
22683,Female
22694,Female
22702,Female
22737,Male
22743,Female
22751,Male
22765,Male
22775,Female
22777,Male
22784,Female
22785,Female
22791,Male
22797,Male
22829,Male
22847,Male
22852,Male
22856,Female
22860,Male
22868,Female
22872,Male
22873,Female
22889,Female
22907,Female
22925,Female
22949,Male
22961,Female
22964,Male
22967,Female
22980,Male
22982,Female
22997,Female
22999,Female
23010,Male
23012,Male
23019,Male
23076,Female
23103,Female
23115,Female
23119,Male
23120,Male
23121,Male
23122,Male
23123,Male
23131,Male
23135,Male
23155,Female
23158,Female
23159,Female
23182,Female
23191,Female
23192,Male
23193,Female
23199,Female
23208,Female
23209,Female
23225,Female
23226,Female
23230,Male
23232,Female
23235,Female
23243,Female
23251,Female
23263,Female
23273,Female
23298,Female
23304,Female
23316,Male
23318,Female
23320,Male
23333,Male
23338,Male
23340,Female
23345,Female
23351,Male
23368,Female
23378,Female
23380,Female
23385,Female
23403,Female
23436,Female
23468,Female
23478,Female
23479,Male
23483,Male
23488,Female
23506,Male
23527,Male
23535,Female
23538,Female
23541,Male
23544,Female
23554,Female
23571,Female
23577,Female
23595,Male
23620,Female
23626,Male
23629,Female
23641,Female
23648,Female
23664,Female
23668,Male
23673,Female
23701,Female
23703,Female
23705,Female
23707,Male
23720,Female
23724,Male
23732,Female
23745,Male
23751,Male
23767,Female
23774,Female
23794,Male
23797,Male
23810,Female
23815,Female
23818,Male
23819,Female
23821,Female
23825,Male
23835,Female
23873,Female
23878,Male
23899,Female
23903,Female
23925,Female
23926,Female
23931,Female
23958,Female
23970,Female
23971,Male
23981,Female
23993,Female
23998,Female
24008,Female
24013,Female
24047,Male
24060,Female
24061,Female
24063,Female
24069,Male
24072,Female
24100,Female
24108,Male
24109,Female
24110,Female
24126,Male
24139,Male
24153,Female
24157,Female
24160,Female
24168,Female
24171,Female
24180,Female
24188,Male
24190,Female
24200,Male
24218,Female
24234,Female
24240,Female
24258,Female
24268,Female
24284,Female
24292,Male
24298,Female
24309,Female
24311,Male
24342,Female
24353,Female
24362,Female
24382,Male
24383,Male
24389,Female
24394,Male
24414,Male
24434,Male
24436,Male
24441,Female
24447,Female
24453,Male
24466,Male
24473,Female
24476,Male
24493,Male
24495,Female
24529,Male
24537,Male
24546,Female
24548,Male
24561,Female
24567,Female
24569,Female
24571,Male
24583,Male
24597,Male
24609,Female
24616,Female
24617,Female
24622,Female
24635,Female
24636,Female
24640,Female
24643,Female
24647,Male
24655,Female
24657,Female
24674,Female
24681,Female
24683,Female
24690,Female
24692,Female
24693,Female
24697,Female
24716,Male
24723,Female
24744,Female
24745,Female
24755,Male
24764,Male
24765,Male
24766,Male
24774,Female
24777,Male
24785,Male
24813,Female
24828,Male
24833,Male
24844,Female
24861,Female
24870,Male
24882,Male
24894,Male
24913,Female
24914,Female
24917,Male
24926,Male
24930,Female
24933,Female
24935,Male
24947,Female
24956,Female
24970,Female
24971,Female
24974,Female
24983,Female
24996,Female
24997,Female
25016,Male
25021,Female
25027,Female
25055,Female
25088,Female
25089,Female
25100,Female
25106,Female
25111,Female
25117,Female
25138,Male
25151,Male
25165,Female
25186,Female
25201,Male
25212,Female
25218,Female
25232,Male
25235,Male
25253,Female
25254,Female
25283,Female
25291,Male
25293,Female
25313,Female
25317,Male
25322,Male
25328,Female
25336,Male
25340,Female
25350,Female
25356,Female
25365,Female
25366,Male
25367,Male
25373,Male
25397,Female
25410,Male
25429,Male
25464,Male
25466,Male
25474,Male
25484,Male
25495,Male
25527,Male
25530,Female
25539,Male
25573,Female
25586,Female
25601,Male
25612,Male
25623,Female
25656,Male
25660,Female
25669,Male
25675,Male
25700,Male
25718,Female
25724,Female
25751,Female
25755,Female
25761,Female
25766,Female
25780,Female
25787,Female
25803,Female
25805,Female
25813,Female
25834,Male
25841,Male
25849,Female
25853,Female
25883,Female
25904,Male
25914,Female
25934,Female
25938,Female
25953,Female
25955,Female
25963,Male
25972,Female
25979,Female
25986,Female
25994,Male
25997,Female
26010,Male
26017,Female
26024,Female
26026,Female
26030,Female
26036,Male
26065,Female
26071,Male
26073,Female
26079,Female
26110,Female
26125,Female
26172,Female
26176,Female
26185,Female
26230,Female
26253,Male
26257,Male
26264,Female
26269,Female
26271,Female
26274,Female
26295,Female
26311,Male
26336,Female
26338,Male
26344,Male
26347,Male
26356,Male
26364,Female
26371,Female
26387,Female
26401,Female
26407,Female
26408,Male
26412,Male
26425,Female
26431,Female
26440,Female
26462,Male
26476,Male
26483,Female
26492,Male
26501,Male
26505,Female
26511,Male
26520,Male
26557,Male
26561,Male
26566,Female
26568,Male
26574,Male
26630,Female
26632,Female
26637,Male
26645,Female
26647,Female
26649,Male
26650,Male
26682,Female
26690,Female
26706,Female
26738,Female
26742,Male
26748,Male
26777,Male
26786,Female
26787,Female
26789,Female
26797,Male
26800,Male
26806,Male
26812,Male
26838,Male
26861,Male
26865,Female
26872,Female
26874,Female
26893,Female
26900,Male
26909,Female
26915,Female
26921,Female
26923,Female
26932,Male
26942,Female
26959,Male
26988,Female
27001,Male
27002,Male
27010,Female
27017,Male
27041,Male
27055,Female
27058,Male
27081,Female
27094,Female
27105,Female
27107,Female
27115,Female
27119,Male
27125,Female
27126,Female
27148,Male
27164,Female
27165,Female
27170,Female
27177,Female
27179,Male
27191,Female
27192,Female
27193,Male
27202,Male
27208,Female
27211,Female
27225,Male
27241,Female
27249,Female
27267,Female
27269,Male
27270,Male
27274,Male
27282,Male
27294,Male
27299,Female
27326,Male
27340,Female
27354,Female
27355,Female
27362,Male
27377,Female
27389,Male
27390,Male
27405,Male
27410,Male
27413,Male
27414,Female
27430,Female
27439,Male
27450,Male
27468,Female
27472,Female
27475,Female
27497,Female
27501,Female
27511,Male
27515,Female
27522,Female
27523,Female
27532,Male
27538,Female
27540,Male
27543,Female
27557,Male
27559,Female
27560,Male
27578,Female
27586,Female
27618,Female
27621,Male
27636,Male
27646,Female
27663,Female
27685,Female
27686,Female
27688,Female
27690,Male
27693,Male
27695,Female
27700,Female
27721,Female
27728,Male
27732,Male
27733,Female
27742,Male
27760,Male
27764,Female
27783,Female
27788,Female
27789,Female
27795,Female
27798,Female
27803,Female
27813,Female
27835,Female
27841,Female
27849,Male
27859,Male
27872,Female
27873,Female
27885,Male
27896,Male
27905,Female
27921,Male
27922,Male
27936,Female
27963,Female
27966,Male
27989,Female
28011,Female
28020,Female
28022,Female
28027,Female
28039,Female
28069,Female
28079,Female
28087,Male
28100,Female
28129,Male
28131,Female
28135,Female
28154,Female
28159,Female
28193,Female
28243,Male
28244,Female
28258,Male
28272,Female
28275,Male
28285,Male
28286,Male
28288,Female
28289,Male
28328,Male
28330,Female
28339,Male
28348,Female
28349,Female
28352,Female
28357,Male
28371,Male
28372,Female
28377,Female
28402,Male
28406,Male
28408,Female
28426,Female
28431,Male
28436,Female
28444,Female
28451,Female
28475,Female
28476,Female
28479,Female
28483,Female
28512,Female
28515,Female
28519,Male
28523,Male
28533,Female
28539,Male
28566,Female
28577,Male
28579,Male
28603,Male
28605,Female
28612,Male
28624,Female
28634,Male
28635,Female
28641,Male
28647,Male
28648,Female
28650,Male
28685,Female
28691,Male
28697,Male
28719,Female
28720,Female
28721,Female
28725,Female
28736,Female
28746,Female
28754,Female
28774,Female
28777,Female
28784,Female
28785,Female
28786,Male
28799,Female
28802,Male
28814,Female
28832,Female
28838,Male
28854,Female
28859,Female
28867,Female
28874,Female
28875,Female
28877,Male
28880,Female
28881,Female
28887,Female
28901,Female
28905,Female
28918,Female
28933,Female
28942,Female
28956,Female
28965,Female
28966,Female
28975,Female
28982,Female
28998,Female
28999,Female
29006,Female
29011,Female
29014,Female
29017,Male
29036,Female
29044,Male
29048,Female
29050,Female
29054,Male
29057,Male
29064,Male
29068,Male
29070,Female
29076,Male
29081,Male
29086,Male
29089,Female
29092,Female
29111,Male
29120,Female
29144,Female
29166,Female
29172,Female
29186,Male
29197,Female
29203,Male
29214,Female
29246,Male
29251,Female
29255,Female
29270,Male
29276,Female
29302,Female
29306,Female
29335,Male
29356,Male
29358,Female
29370,Male
29411,Female
29418,Female
29421,Female
29434,Male
29438,Female
29455,Female
29467,Female
29472,Female
29477,Female
29486,Female
29501,Female
29503,Male
29511,Female
29521,Female
29522,Male
29524,Male
29526,Male
29537,Female
29542,Female
29557,Female
29567,Male
29572,Male
29603,Male
29613,Female
29619,Male
29620,Male
29641,Female
29653,Male
29655,Male
29664,Female
29688,Female
29695,Female
29697,Male
29725,Female
29729,Female
29730,Male
29732,Male
29736,Male
29742,Female
29749,Female
29765,Female
29766,Female
29771,Female
29776,Male
29799,Female
29809,Male
29817,Female
29820,Male
29831,Female
29832,Female
29836,Male
29875,Male
29878,Female
29893,Female
29896,Female
29911,Female
29912,Female
29916,Male
29926,Female
29934,Male
29936,Female
29938,Female
29947,Female
29953,Male
29955,Female
29959,Female
29964,Female
29969,Male
29975,Female
29985,Female
29989,Female
29993,Female
29996,Male
30007,Female
30030,Female
30074,Female
30097,Male
30098,Male
30114,Female
30148,Female
30152,Female
30168,Male
30224,Male
30249,Female
30250,Male
30265,Female
30271,Female
30280,Male
30287,Male
30288,Male
30292,Male
30296,Female
30300,Male
30311,Male
30316,Male
30338,Male
30343,Female
30345,Female
30348,Female
30353,Female
30371,Female
30379,Male
30386,Male
30404,Male
30408,Female
30414,Male
30426,Female
30440,Female
30471,Female
30473,Male
30477,Male
30490,Male
30498,Female
30530,Female
30543,Female
30550,Male
30556,Female
30571,Male
30582,Female
30587,Female
30591,Female
30594,Female
30607,Female
30616,Female
30625,Male
30626,Male
30645,Male
30657,Male
30662,Female
30688,Male
30694,Female
30700,Female
30711,Female
30719,Male
30722,Female
30759,Female
30769,Female
30790,Female
30806,Female
30807,Male
30815,Female
30821,Male
30826,Female
30829,Female
30831,Female
30836,Female
30842,Female
30843,Female
30856,Male
30861,Female
30862,Female
30867,Female
30874,Male
30889,Female
30900,Female
30904,Male
30918,Female
30920,Male
30929,Female
30932,Female
30942,Male
30944,Male
30957,Female
30963,Female
30985,Female
30991,Female
31000,Female
31008,Female
31028,Male
31040,Female
31060,Male
31061,Female
31078,Female
31084,Female
31095,Female
31107,Female
31109,Female
31124,Male
31126,Female
31153,Female
31163,Female
31175,Female
31189,Female
31190,Female
31200,Male
31211,Male
31219,Female
31224,Male
31235,Male
31236,Male
31239,Male
31241,Female
31247,Male
31250,Male
31275,Female
31286,Male
31291,Female
31295,Female
31298,Female
31310,Female
31318,Male
31332,Female
31342,Female
31347,Female
31353,Male
31358,Female
31371,Male
31397,Female
31400,Female
31405,Female
31423,Female
31440,Female
31442,Female
31444,Female
31451,Male
31457,Female
31469,Female
31478,Male
31490,Male
31498,Female
31516,Female
31520,Female
31545,Female
31563,Female
31567,Male
31572,Female
31596,Female
31598,Female
31612,Female
31618,Male
31625,Male
31695,Male
31704,Male
31718,Male
31722,Female
31723,Female
31728,Female
31734,Female
31740,Female
31746,Female
31757,Female
31760,Female
31785,Female
31801,Male
31824,Female
31838,Female
31848,Male
31859,Female
31862,Male
31865,Female
31872,Female
31898,Female
31901,Female
31905,Female
31917,Female
31933,Female
31941,Female
31966,Female
31987,Male
31989,Male
31995,Male
32020,Female
32035,Female
32047,Female
32056,Female
32095,Female
32101,Female
32110,Female
32115,Male
32123,Female
32125,Female
32167,Male
32168,Female
32179,Female
32183,Female
32188,Male
32191,Male
32199,Female
32204,Male
32206,Female
32209,Female
32210,Female
32218,Female
32233,Female
32241,Female
32254,Male
32268,Female
32270,Female
32278,Male
32285,Female
32287,Male
32288,Male
32289,Female
32300,Female
32303,Female
32309,Male
32319,Male
32339,Female
32342,Female
32344,Male
32355,Female
32380,Male
32398,Female
32406,Male
32410,Male
32414,Female
32415,Female
32436,Female
32441,Male
32449,Male
32485,Female
32496,Female
32500,Male
32512,Female
32515,Male
32517,Female
32520,Male
32539,Male
32545,Female
32566,Female
32573,Female
32577,Female
32603,Female
32604,Female
32613,Female
32616,Female
32632,Male
32633,Male
32635,Male
32637,Female
32643,Female
32646,Male
32662,Male
32668,Female
32676,Male
32678,Female
32680,Female
32705,Male
32706,Female
32717,Female
32718,Female
32724,Male
32736,Female
32738,Female
32739,Female
32743,Female
32749,Male
32777,Female
32807,Female
32844,Male
32849,Male
32856,Male
32857,Female
32861,Male
32869,Female
32902,Female
32909,Female
32912,Male
32936,Female
32941,Female
32946,Male
32948,Male
32957,Female
32974,Female
32980,Male
32987,Female
32991,Female
32994,Female
33003,Female
33009,Female
33019,Male
33064,Female
33099,Female
33103,Male
33126,Female
33131,Male
33151,Female
33154,Male
33183,Female
33184,Female
33191,Female
33206,Male
33207,Male
33212,Female
33216,Female
33217,Female
33221,Male
33222,Female
33232,Female
33248,Male
33257,Female
33265,Male
33288,Male
33298,Female
33330,Female
33337,Female
33342,Male
33344,Female
33347,Female
33354,Male
33356,Female
33412,Female
33415,Male
33435,Female
33438,Male
33441,Female
33445,Female
33462,Male
33486,Female
33499,Female
33501,Male
33510,Male
33514,Female
33522,Female
33523,Male
33544,Female
33553,Female
33557,Female
33563,Female
33584,Female
33588,Male
33600,Male
33616,Female
33622,Female
33625,Male
33631,Male
33637,Female
33645,Male
33654,Male
33663,Male
33667,Female
33668,Female
33671,Female
33698,Female
33705,Female
33707,Female
33714,Female
33729,Male
33733,Female
33741,Male
33745,Female
33753,Male
33757,Female
33774,Female
33775,Male
33776,Female
33787,Male
33797,Female
33801,Female
33813,Female
33830,Male
33846,Female
33848,Male
33855,Female
33863,Female
33868,Female
33871,Female
33878,Female
33885,Female
33901,Female
33903,Male
33921,Female
33934,Female
33937,Female
33948,Male
33955,Female
33966,Male
33980,Male
33988,Female
33991,Female
34002,Male
34006,Female
34019,Female
34027,Male
34031,Male
34032,Male
34040,Female
34045,Male
34051,Female
34056,Female
34086,Male
34103,Male
34104,Female
34106,Male
34110,Female
34113,Male
34118,Male
34136,Female
34147,Female
34157,Male
34185,Female
34189,Male
34198,Female
34210,Male
34216,Female
34229,Male
34230,Female
34236,Male
34256,Female
34267,Female
34288,Female
34317,Male
34319,Female
34333,Female
34334,Female
34336,Male
34337,Female
34353,Male
34357,Female
34360,Female
34380,Male
34381,Male
34383,Male
34387,Female
34393,Female
34401,Male
34414,Male
34423,Female
34433,Male
34444,Male
34467,Female
34491,Male
34493,Female
34494,Female
34499,Male
34500,Female
34503,Female
34509,Female
34512,Female
34535,Female
34558,Male
34559,Female
34572,Female
34581,Female
34597,Female
34624,Female
34642,Female
34654,Male
34683,Male
34690,Female
34709,Male
34724,Female
34726,Female
34734,Female
34736,Female
34747,Female
34757,Female
34780,Female
34784,Female
34797,Female
34798,Male
34801,Female
34802,Female
34827,Male
34829,Male
34861,Male
34867,Female
34872,Male
34882,Female
34887,Female
34894,Female
34931,Male
34937,Female
34950,Male
34957,Female
34963,Female
34968,Female
34975,Male
34982,Female
34992,Male
35000,Female
35008,Female
35039,Female
35042,Male
35054,Female
35056,Female
35071,Male
35074,Female
35086,Female
35099,Female
35119,Male
35121,Male
35130,Female
35143,Female
35187,Male
35190,Male
35196,Female
35207,Female
35215,Male
35234,Male
35238,Male
35241,Female
35242,Female
35252,Male
35258,Female
35271,Male
35284,Female
35286,Female
35293,Female
35295,Female
35297,Female
35299,Male
35300,Female
35322,Female
35328,Female
35332,Female
35341,Female
35349,Female
35351,Female
35361,Female
35366,Male
35367,Male
35388,Female
35393,Male
35406,Male
35419,Male
35432,Female
35437,Female
35441,Female
35443,Female
35445,Female
35455,Female
35457,Female
35461,Male
35468,Male
35474,Male
35481,Female
35496,Male
35510,Female
35518,Female
35537,Female
35548,Female
35554,Female
35583,Female
35627,Male
35669,Female
35677,Female
35687,Male
35711,Male
35720,Female
35729,Male
35739,Female
35742,Female
35748,Male
35752,Female
35760,Male
35780,Male
35790,Female
35792,Female
35799,Female
35817,Male
35821,Male
35828,Male
35830,Female
35837,Male
35846,Female
35866,Female
35867,Female
35872,Female
35873,Male
35889,Female
35894,Female
35907,Female
35911,Female
35914,Male
35926,Male
35929,Female
35937,Male
35942,Female
35944,Female
35957,Female
35958,Male
35972,Female
35975,Male
36018,Female
36019,Male
36024,Female
36030,Female
36044,Female
36047,Female
36061,Female
36065,Male
36071,Female
36094,Male
36119,Female
36130,Female
36136,Female
36144,Female
36148,Female
36154,Male
36165,Male
36189,Female
36193,Male
36198,Male
36213,Female
36214,Female
36215,Male
36218,Male
36227,Male
36233,Female
36237,Female
36246,Male
36254,Female
36274,Female
36290,Male
36292,Female
36309,Male
36320,Male
36361,Female
36373,Female
36385,Female
36388,Male
36396,Female
36407,Male
36413,Male
36427,Female
36432,Female
36437,Female
36454,Female
36462,Female
36463,Male
36466,Male
36481,Female
36489,Female
36532,Female
36534,Female
36539,Female
36540,Female
36541,Male
36544,Female
36554,Female
36566,Female
36583,Female
36585,Male
36597,Female
36601,Male
36605,Female
36609,Female
36629,Female
36639,Female
36644,Female
36647,Female
36659,Female
36683,Male
36703,Female
36704,Female
36708,Female
36719,Female
36722,Female
36735,Female
36737,Female
36742,Female
36744,Female
36745,Male
36747,Female
36769,Female
36776,Male
36790,Female
36795,Female
36798,Female
36802,Male
36807,Female
36826,Male
36832,Male
36842,Female
36847,Female
36868,Female
36873,Male
36875,Female
36880,Female
36881,Female
36883,Female
36884,Male
36894,Female
36902,Female
36910,Female
36915,Male
36917,Male
36919,Female
36930,Female
36934,Female
36938,Female
36939,Female
36941,Male
36963,Male
36972,Female
36977,Female
36994,Male
37015,Female
37020,Female
37028,Female
37039,Male
37056,Female
37058,Female
37066,Female
37077,Female
37078,Female
37099,Female
37122,Female
37139,Male
37140,Male
37141,Female
37142,Female
37170,Female
37201,Female
37203,Female
37210,Female
37238,Female
37241,Female
37246,Female
37253,Female
37260,Male
37302,Female
37310,Female
37317,Male
37326,Male
37340,Male
37364,Female
37366,Male
37381,Female
37390,Female
37391,Female
37392,Female
37395,Male
37396,Male
37406,Female
37422,Female
37424,Male
37433,Female
37436,Female
37439,Female
37440,Male
37442,Male
37462,Male
37468,Female
37477,Male
37482,Female
37509,Female
37512,Female
37514,Male
37515,Female
37521,Female
37522,Male
37526,Female
37532,Female
37533,Female
37537,Female
37549,Female
37553,Female
37566,Female
37568,Male
37580,Male
37597,Female
37600,Female
37606,Female
37634,Female
37648,Male
37664,Male
37674,Female
37684,Male
37693,Male
37703,Male
37707,Male
37734,Male
37755,Female
37758,Female
37764,Female
37766,Female
37768,Female
37776,Female
37780,Male
37794,Female
37804,Male
37816,Female
37841,Female
37847,Female
37861,Female
37867,Female
37922,Male
37928,Female
37935,Female
37939,Male
37941,Female
37952,Female
37968,Female
37972,Female
37974,Female
37984,Female
37985,Female
38019,Female
38032,Female
38034,Female
38038,Female
38041,Male
38042,Female
38055,Female
38065,Female
38072,Female
38081,Male
38086,Female
38104,Male
38119,Female
38124,Female
38127,Female
38132,Female
38138,Female
38147,Female
38161,Female
38162,Female
38168,Female
38173,Female
38192,Male
38194,Female
38232,Female
38240,Female
38258,Female
38267,Female
38278,Female
38291,Female
38300,Female
38304,Male
38315,Female
38340,Female
38351,Male
38368,Female
38370,Female
38395,Female
38398,Male
38401,Female
38405,Female
38407,Male
38410,Female
38417,Male
38422,Male
38427,Male
38431,Male
38446,Male
38467,Female
38475,Female
38485,Female
38486,Female
38492,Female
38500,Female
38507,Female
38512,Male
38513,Male
38521,Female
38534,Female
38538,Male
38558,Female
38559,Female
38587,Male
38596,Female
38597,Female
38608,Female
38618,Female
38634,Female
38639,Male
38640,Male
38649,Male
38667,Male
38669,Female
38671,Male
38698,Female
38710,Male
38711,Female
38737,Female
38745,Female
38772,Male
38787,Female
38789,Male
38808,Male
38810,Male
38812,Male
38813,Male
38816,Female
38824,Female
38830,Female
38849,Female
38852,Female
38857,Female
38865,Male
38867,Female
38870,Female
38884,Male
38889,Female
38895,Female
38901,Male
38909,Female
38920,Female
38934,Female
38936,Female
38963,Female
38972,Female
38987,Female
38998,Female
39004,Female
39017,Female
39031,Female
39035,Female
39043,Female
39049,Female
39056,Female
39067,Male
39083,Female
39089,Female
39096,Female
39112,Female
39116,Male
39121,Female
39139,Female
39141,Male
39150,Female
39162,Female
39175,Female
39194,Male
39199,Male
39201,Female
39204,Male
39218,Female
39220,Female
39226,Male
39228,Male
39237,Female
39241,Female
39243,Female
39249,Female
39253,Female
39276,Male
39280,Male
39284,Male
39289,Male
39296,Female
39302,Female
39319,Female
39322,Male
39327,Male
39332,Male
39336,Female
39337,Female
39338,Female
39344,Female
39382,Male
39415,Female
39418,Female
39434,Male
39439,Male
39452,Female
39484,Male
39491,Male
39494,Male
39504,Female
39507,Female
39521,Male
39528,Male
39560,Female
39568,Female
39581,Female
39605,Female
39606,Male
39613,Female
39621,Male
39630,Female
39632,Male
39633,Male
39636,Male
39643,Female
39644,Female
39656,Female
39660,Female
39676,Female
39691,Male
39709,Female
39727,Male
39741,Male
39749,Female
39751,Female
39753,Female
39777,Female
39788,Female
39791,Female
39817,Male
39828,Female
39831,Female
39846,Female
39847,Male
39856,Female
39865,Female
39868,Male
39886,Female
39893,Female
39898,Female
39903,Male
39909,Female
39914,Male
39919,Female
39925,Male
39966,Female
39994,Female
39996,Male
40000,Female
40012,Male
40013,Male
40015,Male
40046,Male
40053,Male
40075,Female
40095,Male
40102,Male
40111,Female
40119,Female
40130,Male
40136,Female
40138,Female
40140,Female
40152,Male
40160,Female
40165,Male
40176,Male
40190,Female
40203,Male
40206,Female
40226,Male
40228,Male
40235,Female
40237,Female
40243,Male
40244,Female
40246,Female
40258,Female
40267,Male
40275,Male
40281,Female
40285,Female
40286,Male
40294,Female
40301,Female
40304,Female
40310,Female
40312,Female
40317,Female
40332,Female
40363,Female
40365,Male
40371,Male
40382,Male
40383,Female
40398,Female
40403,Male
40417,Female
40419,Female
40422,Male
40424,Female
40427,Female
40441,Male
40449,Female
40454,Female
40457,Male
40465,Female
40471,Male
40472,Female
40482,Male
40486,Male
40489,Male
40514,Female
40518,Female
40520,Female
40527,Female
40535,Female
40542,Female
40551,Female
40558,Female
40572,Female
40582,Female
40583,Female
40624,Female
40631,Male
40632,Male
40655,Female
40662,Female
40664,Female
40667,Male
40670,Male
40671,Female
40672,Male
40675,Male
40680,Male
40698,Male
40699,Male
40700,Female
40706,Male
40713,Female
40714,Female
40716,Female
40753,Female
40756,Female
40757,Male
40778,Female
40800,Male
40823,Female
40834,Female
40837,Female
40848,Male
40856,Female
40859,Female
40863,Female
40875,Female
40888,Male
40896,Male
40904,Male
40907,Female
40925,Female
40944,Female
40945,Female
40946,Male
40954,Male
41010,Female
41012,Male
41019,Female
41020,Male
41037,Male
41038,Male
41041,Female
41047,Female
41052,Male
41056,Female
41058,Male
41069,Male
41079,Female
41089,Female
41090,Female
41091,Male
41092,Male
41097,Female
41101,Female
41103,Male
41117,Female
41140,Female
41146,Female
41166,Female
41168,Male
41176,Female
41185,Male
41199,Female
41217,Female
41242,Female
41243,Male
41251,Male
41256,Male
41260,Male
41262,Female
41267,Female
41293,Female
41297,Female
41298,Female
41318,Female
41322,Female
41343,Female
41345,Female
41353,Female
41354,Male
41363,Female
41377,Male
41389,Male
41391,Male
41410,Male
41414,Female
41435,Female
41454,Male
41457,Male
41472,Female
41482,Male
41485,Female
41489,Male
41494,Female
41511,Male
41542,Female
41543,Female
41544,Female
41545,Female
41550,Male
41575,Male
41589,Male
41592,Female
41593,Female
41598,Male
41614,Male
41616,Female
41617,Female
41620,Male
41645,Male
41677,Female
41679,Female
41701,Male
41723,Male
41728,Male
41729,Male
41749,Male
41770,Male
41772,Male
41783,Female
41793,Male
41794,Female
41803,Female
41812,Female
41818,Male
41822,Male
41823,Female
41828,Female
41836,Male
41855,Female
41884,Female
41893,Male
41895,Male
41898,Male
41911,Male
41913,Female
41915,Female
41931,Male
41933,Female
41934,Female
41943,Female
41944,Male
41955,Female
41961,Female
41962,Female
41986,Male
42003,Male
42006,Male
42014,Female
42015,Male
42029,Female
42083,Female
42092,Male
42096,Female
42113,Female
42137,Male
42142,Female
42148,Female
42187,Female
42209,Female
42212,Female
42213,Female
42214,Male
42220,Male
42223,Male
42229,Male
42244,Male
42262,Female
42291,Female
42305,Female
42327,Female
42329,Male
42344,Male
42345,Female
42347,Male
42354,Female
42373,Male
42377,Female
42379,Female
42385,Female
42392,Male
42414,Female
42415,Male
42418,Female
42436,Male
42473,Female
42478,Female
42487,Male
42488,Male
42489,Male
42493,Male
42518,Female
42526,Male
42541,Female
42553,Female
42557,Female
42579,Male
42587,Female
42589,Male
42614,Male
42615,Male
42623,Male
42654,Female
42657,Female
42664,Female
42665,Male
42667,Male
42707,Male
42715,Male
42732,Male
42740,Female
42742,Male
42752,Male
42761,Female
42763,Male
42764,Female
42771,Female
42778,Male
42786,Female
42794,Female
42816,Female
42821,Male
42830,Male
42831,Male
42847,Male
42862,Female
42864,Male
42872,Female
42886,Female
42888,Female
42889,Male
42900,Female
42904,Female
42908,Female
42911,Female
42912,Male
42925,Female
42938,Female
42939,Female
42941,Female
42942,Female
42947,Female
42953,Male
42985,Female
43018,Female
43026,Male
43031,Male
43041,Female
43059,Male
43062,Female
43072,Male
43075,Female
43082,Female
43094,Female
43101,Female
43110,Female
43141,Male
43155,Female
43164,Male
43168,Female
43197,Male
43201,Female
43227,Female
43239,Female
43255,Female
43264,Female
43312,Male
43317,Male
43332,Female
43333,Male
43341,Female
43345,Female
43371,Female
43384,Female
43385,Female
43393,Female
43415,Female
43419,Female
43447,Male
43453,Male
43458,Male
43478,Male
43483,Female
43490,Female
43492,Male
43507,Female
43521,Male
43530,Female
43535,Male
43542,Male
43548,Female
43583,Male
43591,Male
43602,Female
43603,Female
43607,Female
43619,Female
43626,Female
43636,Male
43639,Female
43652,Female
43661,Male
43662,Male
43679,Female
43714,Female
43737,Male
43749,Female
43756,Male
43766,Female
43781,Female
43793,Male
43800,Male
43812,Female
43817,Female
43827,Female
43831,Female
43834,Female
43840,Female
43847,Female
43851,Female
43858,Female
43860,Male
43861,Male
43871,Female
43878,Male
43910,Male
43927,Male
43930,Male
43940,Female
43942,Male
43944,Female
43967,Male
43974,Female
43983,Female
43999,Female
44000,Female
44018,Female
44023,Female
44031,Female
44063,Female
44064,Female
44072,Female
44078,Female
44094,Male
44102,Female
44106,Male
44130,Male
44176,Female
44203,Female
44212,Female
44225,Male
44249,Male
44276,Male
44286,Female
44288,Male
44294,Female
44295,Male
44297,Male
44312,Female
44322,Male
44331,Female
44332,Male
44338,Female
44353,Male
44357,Male
44359,Male
44367,Male
44379,Male
44383,Female
44384,Female
44389,Male
44434,Male
44439,Female
44442,Male
44449,Male
44462,Female
44464,Male
44473,Female
44482,Female
44496,Female
44501,Female
44506,Male
44519,Male
44539,Male
44541,Male
44552,Female
44567,Female
44569,Male
44584,Female
44594,Female
44621,Male
44636,Female
44637,Male
44656,Male
44661,Female
44663,Female
44664,Female
44670,Male
44673,Female
44679,Female
44680,Female
44694,Male
44704,Male
44708,Male
44721,Female
44722,Female
44730,Male
44735,Male
44736,Female
44743,Female
44744,Female
44749,Female
44761,Female
44762,Female
44786,Female
44790,Female
44803,Female
44806,Female
44820,Female
44840,Female
44868,Female
44874,Male
44875,Female
44878,Female
44888,Female
44901,Male
44904,Male
44919,Male
44936,Female
44949,Male
44966,Female
44985,Female
44989,Female
45002,Female
45005,Female
45007,Female
45020,Female
45023,Male
45024,Female
45067,Female
45069,Female
45076,Male
45124,Male
45136,Female
45137,Female
45140,Female
45141,Female
45207,Male
45217,Male
45218,Female
45237,Male
45264,Male
45292,Female
45301,Male
45317,Female
45327,Female
45348,Male
45360,Female
45384,Male
45388,Male
45400,Male
45401,Male
45409,Male
45411,Female
45424,Female
45438,Female
45465,Male
45472,Male
45480,Male
45484,Female
45502,Male
45508,Female
45512,Female
45513,Male
45570,Male
45586,Female
45600,Male
45607,Male
45610,Female
45642,Female
45648,Female
45675,Female
45678,Male
45687,Male
45692,Male
45698,Male
45699,Male
45712,Male
45718,Male
45735,Male
45738,Male
45752,Female
45754,Male
45758,Female
45760,Male
45761,Female
45763,Female
45798,Male
45810,Male
45814,Male
45816,Female
45818,Male
45820,Female
45850,Female
45878,Male
45881,Male
45888,Male
45889,Male
45891,Male
45918,Male
45922,Female
45932,Female
45935,Male
45936,Male
45940,Male
45942,Female
45949,Female
45954,Male
45967,Female
45972,Female
45977,Female
45978,Female
45981,Male
45983,Female
45999,Male
46000,Female
46025,Male
46034,Female
46037,Female
46041,Male
46045,Male
46048,Female
46049,Female
46050,Male
46057,Female
46067,Female
46073,Male
46075,Male
46091,Male
46103,Female
46128,Male
46137,Female
46138,Female
46153,Female
46155,Male
46163,Female
46190,Male
46197,Female
46199,Male
46201,Male
46205,Male
46209,Female
46233,Male
46258,Female
46264,Female
46289,Female
46317,Male
46325,Male
46329,Male
46337,Male
46338,Female
46339,Male
46350,Female
46389,Female
46417,Female
46418,Male
46452,Female
46455,Female
46459,Female
46461,Female
46474,Male
46480,Female
46488,Female
46493,Male
46497,Male
46510,Female
46519,Female
46539,Female
46541,Male
46543,Female
46559,Female
46589,Male
46599,Male
46601,Female
46613,Male
46628,Male
46630,Male
46638,Male
46655,Male
46657,Female
46663,Male
46696,Male
46705,Male
46711,Female
46728,Female
46748,Male
46752,Male
46778,Male
46787,Female
46790,Male
46792,Male
46801,Female
46804,Male
46805,Female
46816,Female
46817,Female
46845,Female
46848,Female
46864,Male
46868,Female
46893,Male
46902,Female
46912,Male
46913,Male
46920,Male
46926,Female
46928,Female
46940,Female
46943,Male
46950,Male
46951,Male
46956,Female
46979,Female
46990,Male
46996,Male
46997,Female
47000,Female
47001,Female
47010,Male
47016,Male
47045,Female
47063,Female
47068,Male
47099,Male
47106,Female
47118,Male
47128,Male
47152,Male
47155,Female
47162,Male
47166,Male
47171,Male
47208,Male
47228,Female
47232,Female
47235,Male
47281,Female
47282,Female
47291,Male
47301,Male
47310,Female
47313,Male
47316,Female
47321,Female
47334,Female
47338,Male
47342,Male
47362,Male
47363,Female
47392,Female
47393,Female
47413,Female
47415,Male
47424,Male
47425,Female
47427,Female
47433,Male
47441,Male
47448,Female
47455,Female
47460,Female
47462,Male
47470,Male
47489,Female
47491,Male
47494,Female
47521,Female
47524,Female
47531,Female
47536,Male
47569,Female
47572,Male
47575,Female
47581,Female
47590,Female
47599,Female
47600,Male
47604,Male
47614,Female
47619,Male
47621,Female
47623,Male
47625,Male
47629,Male
47631,Male
47636,Male
47643,Male
47658,Female
47674,Male
47675,Male
47692,Female
47704,Male
47722,Female
47735,Female
47774,Female
47781,Female
47786,Male
47839,Male
47855,Female
47860,Male
47865,Female
47886,Female
47891,Female
47933,Female
47934,Female
47938,Male
47939,Female
47957,Male
47964,Male
47965,Female
47979,Female
47981,Male
47990,Female
47995,Male
48037,Female
48046,Male
48055,Female
48068,Female
48069,Female
48073,Female
48086,Male
48097,Female
48113,Female
48117,Female
48119,Male
48128,Female
48145,Male
48147,Female
48152,Male
48154,Male
48182,Female
48194,Male
48195,Male
48196,Male
48209,Male
48219,Female
48228,Male
48238,Male
48261,Female
48271,Female
48272,Female
48277,Male
48279,Female
48289,Male
48291,Female
48295,Female
48296,Male
48340,Female
48345,Male
48398,Male
48428,Male
48429,Male
48436,Female
48440,Female
48451,Female
48452,Female
48469,Male
48475,Female
48481,Female
48482,Female
48484,Female
48494,Male
48501,Male
48531,Male
48569,Female
48572,Female
48575,Female
48600,Male
48629,Male
48630,Male
48642,Male
48674,Male
48675,Female
48682,Female
48684,Female
48687,Female
48691,Female
48692,Female
48693,Female
48698,Male
48714,Female
48718,Male
48747,Male
48755,Female
48756,Female
48760,Male
48763,Male
48766,Male
48768,Male
48772,Male
48778,Male
48798,Male
48804,Female
48811,Male
48828,Male
48839,Male
48850,Female
48851,Female
48898,Male
48900,Female
48906,Male
48910,Female
48912,Male
48939,Male
48947,Male
48948,Male
48951,Male
48955,Male
48960,Male
48969,Female
48972,Female
48983,Female
49010,Female
49018,Female
49038,Male
49070,Male
49078,Male
49080,Male
49100,Female
49109,Male
49118,Male
49127,Male
49132,Female
49136,Male
49141,Female
49171,Female
49174,Male
49177,Female
49192,Male
49215,Male
49218,Female
49238,Female
49249,Female
49255,Female
49264,Female
49268,Female
49272,Male
49284,Male
49289,Female
49293,Male
49300,Female
49306,Male
49311,Male
49314,Female
49316,Female
49329,Female
49351,Female
49369,Male
49370,Female
49391,Male
49400,Female
49401,Male
49414,Male
49443,Female
49448,Male
49454,Male
49456,Female
49474,Male
49492,Female
49504,Female
49513,Male
49516,Female
49528,Female
49531,Male
49539,Female
49541,Female
49544,Female
49551,Female
49554,Female
49563,Female
49580,Male
49582,Female
49585,Female
49595,Male
49606,Female
49609,Male
49618,Male
49620,Female
49653,Male
49664,Female
49679,Male
49682,Male
49691,Female
49709,Female
49723,Male
49724,Male
49729,Male
49732,Female
49733,Female
49744,Male
49763,Female
49766,Male
49788,Female
49820,Male
49843,Male
49846,Male
49847,Female
49848,Female
49857,Male
49862,Male
49879,Male
49894,Female
49899,Female
49909,Female
49910,Female
49946,Male
49952,Male
49954,Female
49957,Male
49975,Male
49993,Male
